"","Gender","Age","Level_of_study","MSU_Campus","Y.o.S","ICT.guidelines.are.written.in.simple.language","There.is.a.stepbystep","Technology.connect.well.with.my.classroom.jpractise","I.learn.more.when.a.good.technological.resource","I.can.comfortably.operate.a.computer.system.without.assistance","I.have.to.gain.approval.from.others.before.I.can.use.a.new.technology.in.class","I.would.like.to.continue.using.online.platforms.at.school","ICT.Platforms.are.easy.to.navigate","Education.technology.is.overrated.rather.I.prefer.traditional.education","Utilizing.ICT.in.education.without.prior.skill.is.scary","I.hesitate.to.use.technology.for.fear.of.making.mistakes.that.I.cannot.correct","I.think.that.learning.should.incorporate.websites.apps.and.other.technological.resources.because.technology.is.a.part.of.our.society","I.think.that.learning.should.incorporate.AI.technologyis.a.part.of.our.society","I.have.access.to.computer.at.school.and.at.home","I.have.access.to.a.reliable.internet.connection","I.can.easily.log.into.the.Google.Class.Platform","It.is.easy.for.me.to.find.and.use.new.learning.resources.websites.and.apps.for.teaching.learning","It.is.easy.for.me.to.find.and.use.new.learning.resources.AI.for.teaching.and.learning","When.I.have.a.problem.with.a.technological.tool.I.receive.quick.and.effective.assistance","The.Lecturers.have.been.helpful.in.promoting.the.use.of.technology.in.class","My.school.must.follow.a.long.process.to.gain.approval.before.purchasing.a.new.technology","I.receive.regular.training.on.how.to.use.technology.in.class","I.receive.regular.training.on.how.to.use.AI.in.class","Education.technology.enables.me.to.be.in.class.at.home.hence.saving.on.traveling.time","I.have.extra.time.to.think.about.how.to.use.technology.in.my.classes.","I.have.enough.time.to.plan.and.prepare.lessons.that.use.technology","Online.classes.do.not.give.enough.time.for.interaction.with.lecturer.and.other.students"
"2","Female","21 to 30 years","Bachelors","Harare","Third",4,2,4,1,3,5,5,1,4,4,5,5,3,5,5,1,3,1,1,5,5,4,1,4,4,1,5
"5","Male","31 to 45 years","Masters","Zvishavane","Above 5Year",3,4,1,4,1,4,1,2,2,1,5,5,3,2,1,5,4,5,4,1,5,5,1,4,4,4,3
"6","Female","31 to 45 years","Masters","Zvishavane","Fifth",4,1,2,2,2,4,2,3,4,4,5,2,2,4,4,3,3,2,1,1,5,4,5,5,3,2,3
"8","Female","21 to 30 years","Bachelors","Harare","Above 5Year",5,4,3,5,1,5,3,2,3,2,5,1,3,4,3,1,3,2,3,3,4,5,2,1,2,4,3
"10","Female","21 to 30 years","PHD","Zvishavane","Third",2,1,4,1,3,5,2,3,3,2,2,4,1,1,5,2,2,5,4,5,3,1,5,1,4,4,4
"11","Male","31 to 45 years","Masters","Harare","Fifth",2,4,5,5,4,3,1,5,4,3,1,1,1,1,5,4,3,2,3,5,3,1,5,4,1,4,1
"12","Male","31 to 45 years","Masters","Zvishavane","Fourth",1,1,5,3,3,2,4,2,5,1,1,1,5,1,1,5,3,2,2,1,3,2,2,4,3,3,2
"13","Male","21 to 30 years","PHD","Zvishavane","Fifth",4,1,4,4,2,5,3,5,5,4,3,2,4,1,1,1,3,1,4,3,1,4,1,2,2,3,2
"15","Female","31 to 45 years","Masters","Harare","Above 5Year",2,4,5,3,5,3,5,2,5,2,1,1,3,3,4,3,1,5,1,4,5,4,1,3,3,3,3
"16","Female","21 to 30 years","Undergraduate","Zvishavane","Fourth",5,1,1,1,1,1,1,3,1,2,3,1,4,2,1,1,4,4,5,5,2,1,3,4,4,1,4
"18","Male","31 to 45 years","Undergraduate","Zvishavane","Third",3,4,3,5,2,2,2,2,5,1,5,5,5,1,5,2,4,4,3,2,1,5,3,3,3,4,3
"19","Female","21 to 30 years","Masters","Harare","Fourth",5,2,3,4,5,3,4,1,2,5,3,2,1,1,5,5,5,3,3,2,1,3,1,2,4,2,2
"20","Male","31 to 45 years","Undergraduate","Gweru","Fifth",5,2,4,1,1,1,5,3,5,2,2,1,3,2,3,4,3,1,5,2,1,5,4,3,5,4,4
"21","Male","31 to 45 years","PHD","Harare","First",5,4,2,5,4,2,5,5,1,4,1,1,2,1,5,4,1,2,5,1,2,3,4,1,3,1,1
"22","Male","31 to 45 years","Undergraduate","Zvishavane","Third",2,4,5,1,4,2,3,4,5,2,5,3,2,2,1,5,1,4,4,3,3,5,5,2,4,1,2
"23","Female","31 to 45 years","Undergraduate","Zvishavane","Fifth",3,5,3,2,2,5,4,5,2,5,5,5,4,2,5,5,3,4,4,3,3,1,5,5,5,3,1
"25","Female","21 to 30 years","Bachelors","Gweru","Second",5,2,5,3,3,4,4,3,4,4,5,4,2,1,2,3,4,5,2,5,4,2,3,4,4,3,4
"27","Male","21 to 30 years","Undergraduate","Harare","First",3,1,4,5,1,4,1,2,1,4,1,1,4,1,5,5,4,3,1,4,1,5,1,2,5,2,3
"28","Male","21 to 30 years","Undergraduate","Harare","Third",3,3,1,1,1,1,2,5,5,1,1,2,5,2,3,1,4,1,2,5,5,5,1,4,5,1,2
"30","Male","31 to 45 years","PHD","Zvishavane","Fourth",3,2,5,5,4,2,1,5,3,4,3,1,3,2,5,1,5,1,5,4,2,5,1,3,2,3,1
"31","Female","21 to 30 years","Masters","Zvishavane","Above 5Year",2,5,2,4,2,1,4,1,3,4,5,4,3,1,5,4,4,1,3,3,1,2,3,1,3,5,1
"32","Male","21 to 30 years","Undergraduate","Gweru","Third",4,2,4,3,5,3,4,3,1,3,2,3,4,5,3,1,2,2,5,5,4,2,5,2,5,2,4
"33","Male","21 to 30 years","Bachelors","Zvishavane","Third",2,5,4,2,2,3,1,1,1,1,5,4,5,1,5,4,1,2,3,3,4,2,1,1,4,1,1
"34","Male","31 to 45 years","Bachelors","Harare","Third",5,2,4,5,2,1,3,5,4,5,2,4,5,5,3,4,5,4,4,1,4,2,1,4,4,5,1
"35","Male","21 to 30 years","Undergraduate","Harare","Second",2,2,2,4,5,2,3,5,5,1,2,3,3,5,3,4,2,4,2,3,4,2,5,5,4,1,3
"37","Female","31 to 45 years","Masters","Gweru","Fourth",4,5,4,4,2,2,2,5,1,3,5,5,5,1,1,5,3,4,3,1,4,1,3,1,1,4,5
"38","Female","31 to 45 years","Masters","Gweru","Fifth",1,5,3,3,1,3,2,1,4,5,3,2,4,5,1,2,5,5,3,2,3,1,2,3,4,1,4
"39","Female","31 to 45 years","Bachelors","Gweru","Above 5Year",1,1,5,3,3,3,5,5,1,2,2,2,4,5,2,2,2,1,1,5,3,5,5,5,1,4,2
"40","Female","31 to 45 years","Undergraduate","Harare","Above 5Year",2,3,5,5,1,5,3,4,1,1,1,3,4,2,3,3,1,4,5,3,2,1,2,2,2,5,2
"41","Male","21 to 30 years","Bachelors","Harare","Second",1,2,1,3,4,2,3,4,2,2,4,3,3,1,2,4,1,2,1,3,3,2,1,3,1,4,4
"42","Female","31 to 45 years","PHD","Harare","Second",2,4,3,4,1,5,5,1,1,2,4,5,4,1,4,3,3,2,5,5,3,4,3,5,4,1,2
"43","Male","31 to 45 years","Undergraduate","Zvishavane","Third",4,5,4,2,1,5,1,2,3,2,2,4,3,5,2,1,1,4,2,2,1,4,3,4,2,5,2
"44","Male","21 to 30 years","PHD","Gweru","First",4,3,1,2,4,2,5,3,4,3,5,3,5,5,3,3,3,5,1,5,5,5,1,3,4,4,2
"45","Male","31 to 45 years","Undergraduate","Harare","Second",3,1,4,4,2,1,2,5,5,4,1,1,1,5,1,1,2,2,5,2,2,3,5,1,3,3,1
"46","Female","31 to 45 years","Bachelors","Gweru","Fifth",4,2,4,5,5,3,4,3,3,3,1,3,4,5,4,3,3,4,2,5,2,4,3,2,3,1,4
"47","Female","31 to 45 years","Masters","Zvishavane","Fifth",3,4,4,4,5,4,5,2,3,3,4,3,5,4,5,3,2,1,1,3,1,2,1,2,5,5,4
"49","Female","31 to 45 years","Undergraduate","Gweru","Fourth",1,4,5,4,4,2,3,1,4,3,3,1,4,1,3,4,2,3,3,4,4,4,3,4,4,2,2
"50","Male","31 to 45 years","PHD","Zvishavane","Fourth",3,5,2,4,5,4,5,3,3,1,2,4,1,4,3,2,3,4,4,1,4,1,4,5,3,5,2
"51","Male","31 to 45 years","PHD","Gweru","Second",2,2,4,1,4,5,5,2,5,2,1,1,2,1,1,5,1,1,2,5,1,2,3,1,5,4,3
"52","Male","31 to 45 years","PHD","Gweru","Third",4,1,3,5,3,3,1,5,4,2,1,3,1,2,2,2,2,4,3,2,5,4,1,2,2,5,3
"53","Female","21 to 30 years","Masters","Gweru","First",3,4,5,3,1,2,5,2,3,4,2,4,5,4,2,1,1,3,3,4,2,5,4,5,4,3,4
"54","Male","21 to 30 years","Undergraduate","Zvishavane","Above 5Year",5,4,2,2,1,2,3,5,1,3,4,4,3,2,2,4,5,1,1,2,1,4,3,1,5,5,5
"55","Male","31 to 45 years","Undergraduate","Gweru","First",4,2,4,5,5,4,1,1,5,3,5,1,3,5,3,5,2,5,1,4,5,3,4,3,3,1,5
"56","Male","21 to 30 years","Masters","Zvishavane","Second",4,2,2,2,5,4,2,4,5,2,5,5,2,1,2,2,1,2,3,4,1,2,1,5,1,1,1
"57","Male","21 to 30 years","Bachelors","Harare","Third",4,1,5,4,1,4,3,4,5,1,1,4,3,2,2,3,4,5,1,4,3,1,4,5,2,5,3
"59","Female","21 to 30 years","PHD","Zvishavane","Fourth",3,2,3,1,3,3,3,3,2,3,1,2,5,3,1,2,2,3,4,4,5,1,1,5,2,1,1
"60","Male","31 to 45 years","PHD","Gweru","Second",5,3,3,3,2,1,3,5,4,2,1,2,1,2,3,2,3,2,5,5,3,1,1,2,4,3,1
"61","Male","31 to 45 years","PHD","Zvishavane","Above 5Year",4,3,2,3,5,4,2,4,3,2,2,4,1,2,1,5,5,4,1,5,5,5,5,1,1,4,5
"62","Male","21 to 30 years","PHD","Zvishavane","Third",5,1,4,3,2,1,5,4,1,1,1,2,5,3,1,3,3,1,2,2,4,5,1,4,1,2,4
"63","Male","31 to 45 years","Undergraduate","Zvishavane","Above 5Year",5,3,2,5,4,1,4,1,2,5,3,1,5,3,4,1,2,4,5,1,3,2,2,3,3,4,1
"64","Female","21 to 30 years","Undergraduate","Gweru","Fourth",2,5,2,2,2,3,2,2,3,3,1,4,1,1,2,2,5,2,3,5,4,1,2,3,3,3,1
"65","Female","31 to 45 years","Bachelors","Gweru","Second",3,4,5,4,4,1,2,3,2,4,2,2,1,4,3,4,2,4,1,1,4,3,2,2,3,3,5
"66","Female","21 to 30 years","Masters","Harare","Above 5Year",1,1,5,3,5,2,2,1,3,1,5,3,5,5,5,3,2,2,2,2,5,4,3,2,4,5,5
"67","Female","21 to 30 years","Masters","Harare","First",3,2,4,4,4,4,1,2,4,2,5,2,5,5,3,2,1,5,5,1,4,2,3,5,5,2,5
"68","Male","21 to 30 years","PHD","Gweru","First",5,3,1,4,4,2,2,3,3,1,3,1,5,3,3,2,4,4,3,4,2,2,4,1,3,1,5
"69","Female","21 to 30 years","Bachelors","Gweru","Above 5Year",4,4,5,5,2,1,3,3,2,2,1,1,5,1,1,1,4,4,5,3,1,2,1,2,3,5,1
"71","Male","31 to 45 years","Bachelors","Gweru","Second",5,4,5,2,1,5,4,4,5,4,3,5,4,1,2,5,4,5,3,5,2,1,3,2,4,5,5
"72","Female","21 to 30 years","Undergraduate","Harare","Fifth",1,1,2,3,5,5,5,1,3,2,2,4,3,2,3,4,5,3,3,5,4,2,5,4,2,3,5
"73","Female","21 to 30 years","PHD","Harare","Fourth",3,4,2,1,3,4,5,1,4,5,3,3,5,5,5,2,2,3,5,2,2,3,5,3,5,1,5
"74","Male","31 to 45 years","Masters","Zvishavane","Fourth",4,3,3,1,5,1,1,3,3,1,3,3,3,2,4,4,2,1,2,3,2,2,3,3,5,2,1
"77","Female","31 to 45 years","Undergraduate","Harare","Fifth",4,5,1,4,4,4,2,1,5,2,1,4,2,5,2,5,5,3,5,3,5,1,2,2,4,5,2
"78","Female","21 to 30 years","Masters","Gweru","Above 5Year",1,3,2,2,5,1,2,2,1,3,2,1,4,1,2,1,3,1,3,2,4,4,4,5,2,1,5
"80","Male","31 to 45 years","Bachelors","Gweru","Second",2,1,1,4,5,4,5,3,3,5,3,4,2,4,3,1,1,2,4,3,1,3,3,4,1,4,2
"81","Female","21 to 30 years","Undergraduate","Harare","Third",4,2,4,1,3,4,3,4,2,3,3,3,1,1,4,3,5,1,3,3,5,4,1,3,1,2,3
"83","Male","21 to 30 years","Undergraduate","Harare","Second",5,4,2,3,5,5,5,1,5,2,2,2,2,2,5,4,1,4,3,2,4,1,3,3,1,2,1
"84","Female","21 to 30 years","PHD","Harare","Fifth",2,3,4,3,2,2,3,4,3,4,2,2,2,4,5,5,4,3,1,5,5,2,5,5,5,2,2
"86","Female","21 to 30 years","Bachelors","Zvishavane","Third",3,1,1,3,4,3,2,1,5,5,3,2,1,4,2,4,5,2,2,3,1,2,3,1,5,4,4
"87","Female","31 to 45 years","Bachelors","Zvishavane","Third",1,3,4,3,3,2,1,1,2,3,1,5,5,3,2,2,4,5,4,2,3,3,1,2,1,4,2
"88","Male","21 to 30 years","Undergraduate","Gweru","Fifth",4,2,2,1,5,5,3,3,2,4,4,3,2,2,4,5,2,3,3,2,5,5,2,5,3,2,5
"89","Female","21 to 30 years","Undergraduate","Harare","Second",5,1,4,1,5,2,5,1,2,3,4,2,1,5,3,3,2,5,5,4,5,5,5,3,1,1,3
"93","Male","21 to 30 years","PHD","Zvishavane","Above 5Year",2,2,3,4,2,1,3,5,4,2,1,4,4,5,5,5,2,2,3,1,4,5,2,5,5,5,2
"94","Male","31 to 45 years","PHD","Harare","Third",2,1,3,2,5,2,1,1,3,5,3,2,3,5,5,1,4,4,1,4,4,3,1,2,5,5,5
"97","Female","31 to 45 years","PHD","Zvishavane","Second",1,3,4,3,4,5,3,3,3,5,3,5,4,5,5,1,2,1,2,2,5,1,2,2,4,5,1
"99","Female","31 to 45 years","Masters","Zvishavane","Above 5Year",2,1,1,1,3,4,4,5,1,2,4,3,2,5,3,4,3,5,5,3,5,1,2,1,5,5,1
"102","Female","31 to 45 years","Bachelors","Harare","Fifth",1,5,2,2,4,2,4,1,3,2,4,4,1,5,3,3,5,1,1,3,5,2,1,1,2,4,5
"104","Male","21 to 30 years","PHD","Zvishavane","Third",2,3,4,2,4,4,3,4,5,2,1,2,5,5,5,2,2,4,3,1,3,4,5,3,3,2,1
"105","Male","21 to 30 years","Bachelors","Gweru","Fifth",1,3,1,3,5,1,4,4,2,5,2,2,3,4,1,5,4,3,2,3,3,2,5,5,4,2,2
"106","Female","21 to 30 years","Masters","Harare","First",5,5,1,1,4,2,2,2,3,5,4,2,2,3,2,4,5,3,5,3,1,5,4,5,5,4,3
"108","Female","31 to 45 years","Undergraduate","Harare","Fifth",5,3,2,4,1,4,5,3,3,5,5,2,3,5,4,2,3,4,4,3,5,1,5,4,1,4,1
"109","Female","21 to 30 years","Masters","Zvishavane","Fourth",3,2,1,3,4,1,5,1,3,5,2,3,4,2,4,4,3,1,2,3,4,5,5,2,4,1,5
"111","Male","21 to 30 years","Bachelors","Gweru","First",1,3,3,3,1,1,2,2,1,4,3,1,3,3,3,1,3,1,2,3,2,3,4,1,3,1,2
"112","Male","21 to 30 years","Bachelors","Gweru","Third",1,5,2,2,5,3,5,2,4,4,2,3,5,1,5,1,4,5,2,3,2,3,4,2,5,1,2
"113","Female","21 to 30 years","Masters","Gweru","Third",5,1,2,4,1,4,4,5,5,3,5,1,5,4,2,1,4,1,3,3,5,3,5,5,2,5,4
"114","Female","21 to 30 years","Undergraduate","Harare","Second",1,2,2,2,1,1,4,3,2,3,4,2,1,2,4,4,5,3,4,2,2,1,3,1,5,4,4
"115","Female","31 to 45 years","PHD","Zvishavane","Fourth",4,2,5,5,5,3,1,3,2,5,4,4,4,4,2,4,4,3,4,4,1,5,1,5,4,3,2
"116","Female","21 to 30 years","PHD","Harare","Third",4,5,5,4,1,4,3,4,4,2,1,5,5,4,4,3,5,4,2,5,2,5,5,1,1,4,1
"117","Female","21 to 30 years","Undergraduate","Gweru","Third",4,1,5,2,5,2,5,2,3,5,3,1,2,2,4,1,3,4,3,5,2,4,1,1,3,5,5
"118","Female","21 to 30 years","Undergraduate","Harare","Above 5Year",2,4,5,1,2,1,1,4,3,4,4,5,4,5,3,4,5,4,1,1,1,3,5,4,4,1,1
"119","Male","31 to 45 years","Masters","Gweru","Fourth",5,2,2,5,2,5,2,1,3,1,5,5,4,2,4,1,4,3,1,2,2,5,5,2,2,4,4
"120","Female","21 to 30 years","PHD","Gweru","Third",1,3,4,5,1,4,1,1,5,4,2,1,1,4,1,5,3,2,5,1,1,2,3,1,4,3,3
"121","Female","21 to 30 years","Bachelors","Gweru","Second",3,4,4,2,5,4,1,4,3,4,3,3,5,2,1,3,5,3,5,5,3,1,1,5,3,2,1
"122","Female","21 to 30 years","Masters","Gweru","Second",2,2,2,2,2,1,5,1,4,5,1,4,1,3,5,2,4,2,3,3,3,1,4,1,2,2,2
"123","Male","21 to 30 years","PHD","Zvishavane","Above 5Year",3,4,2,2,2,2,4,3,1,2,1,2,1,1,4,4,1,2,4,5,4,2,3,4,2,2,3
"128","Male","21 to 30 years","Undergraduate","Harare","Third",2,1,4,2,4,3,1,4,1,2,4,3,3,5,5,4,3,5,2,5,2,4,4,1,5,4,2
"129","Male","21 to 30 years","PHD","Gweru","Above 5Year",3,2,5,2,5,5,5,4,5,2,3,1,5,1,3,1,2,3,2,2,5,3,2,3,1,5,2
"131","Male","21 to 30 years","PHD","Harare","Fifth",1,5,5,2,3,1,3,1,2,1,5,2,3,1,5,2,1,3,3,1,2,4,2,5,4,1,2
"132","Female","21 to 30 years","Masters","Gweru","Second",2,4,2,1,2,2,2,4,5,4,4,2,3,1,3,3,4,3,3,1,3,2,2,1,1,3,2
"133","Male","31 to 45 years","Bachelors","Zvishavane","Third",5,1,3,4,5,4,2,2,4,2,2,1,1,2,4,2,5,3,4,4,3,1,3,1,3,4,1
"134","Male","31 to 45 years","Masters","Harare","Third",5,1,3,1,1,4,4,1,1,1,5,2,2,5,2,5,5,2,1,2,4,1,1,1,2,2,1
"135","Female","31 to 45 years","Undergraduate","Harare","First",2,4,3,3,3,4,3,4,2,2,5,4,4,3,2,2,3,2,4,5,3,4,4,2,3,2,5
"137","Female","31 to 45 years","Masters","Zvishavane","First",4,5,4,5,1,5,2,3,2,2,2,2,3,4,2,5,4,1,2,1,2,4,4,5,5,2,1
"139","Male","21 to 30 years","Masters","Zvishavane","First",4,1,5,5,5,3,2,5,2,4,3,4,5,4,4,5,1,5,5,2,5,2,1,3,1,4,1
"140","Female","21 to 30 years","Masters","Gweru","Fourth",4,2,1,4,5,3,5,2,3,2,4,2,3,4,5,3,3,1,5,2,2,5,1,1,4,5,4
"144","Female","21 to 30 years","Masters","Gweru","Above 5Year",1,2,4,5,1,1,3,4,1,1,4,5,1,1,5,5,3,2,5,5,5,3,4,4,5,1,4
"146","Male","21 to 30 years","Bachelors","Zvishavane","Second",3,4,5,3,3,4,5,5,3,1,5,1,5,3,3,4,3,3,1,2,2,5,3,5,3,3,5
"147","Female","21 to 30 years","Undergraduate","Gweru","Third",1,3,4,1,1,2,3,3,4,3,2,1,1,5,1,4,1,1,2,4,1,1,2,4,3,3,3
"151","Female","21 to 30 years","Undergraduate","Zvishavane","Above 5Year",1,3,3,4,4,1,3,3,3,2,2,3,4,1,4,5,1,2,3,4,3,4,2,5,1,1,2
"152","Female","21 to 30 years","Bachelors","Gweru","Fifth",5,4,5,1,1,5,3,3,4,3,3,2,3,2,1,5,4,1,5,5,1,3,2,4,1,5,3
"153","Female","31 to 45 years","PHD","Gweru","Above 5Year",1,2,1,5,2,5,3,2,3,2,3,2,5,4,4,1,1,1,3,3,1,3,1,4,4,1,4
"155","Male","21 to 30 years","PHD","Harare","Fifth",1,4,5,4,5,5,1,3,3,1,3,3,1,2,4,5,4,1,4,4,2,2,5,1,4,4,1
"159","Female","31 to 45 years","Masters","Zvishavane","Third",1,4,2,2,1,5,3,4,1,3,4,5,5,2,4,4,4,4,2,5,1,5,1,4,1,2,1
"160","Male","21 to 30 years","Undergraduate","Harare","First",4,4,3,1,2,1,4,1,3,2,1,1,1,4,1,2,4,5,3,3,4,4,3,3,2,5,2
"161","Male","21 to 30 years","Masters","Harare","Fourth",5,5,1,3,1,3,4,2,5,1,3,5,2,3,3,3,5,3,3,3,1,5,5,3,4,2,2
"162","Male","31 to 45 years","Masters","Zvishavane","Above 5Year",3,2,5,5,5,4,4,4,5,1,4,1,3,3,2,2,1,5,3,1,3,5,5,3,5,4,4
"163","Female","21 to 30 years","PHD","Zvishavane","First",5,5,2,5,2,2,3,5,4,3,2,1,2,3,3,3,3,3,4,3,4,1,4,5,2,3,1
"165","Female","21 to 30 years","Bachelors","Zvishavane","Fourth",1,5,5,5,3,5,3,5,2,2,1,1,2,4,5,5,5,2,1,4,1,2,3,2,5,3,1
"169","Male","21 to 30 years","Masters","Gweru","Second",4,4,5,3,1,3,3,2,2,3,2,3,2,2,5,3,4,2,5,1,4,3,3,4,1,2,1
"170","Male","31 to 45 years","PHD","Gweru","Second",5,1,4,1,4,3,5,2,1,5,5,3,2,4,4,4,5,5,5,4,5,1,1,3,5,3,3
"171","Female","21 to 30 years","Undergraduate","Gweru","Third",1,1,2,4,5,1,4,1,1,2,3,3,3,5,5,2,5,3,2,2,1,2,5,5,3,4,5
"172","Female","21 to 30 years","PHD","Harare","First",2,5,2,1,3,5,5,3,3,1,2,3,4,2,3,2,2,3,4,3,2,4,3,3,1,5,5
"173","Female","21 to 30 years","Bachelors","Gweru","First",5,2,5,5,2,2,1,1,5,2,5,2,1,1,1,1,4,3,2,5,2,2,1,3,4,3,5
"174","Female","31 to 45 years","PHD","Harare","Fourth",4,4,3,2,4,4,5,3,5,2,5,1,5,1,4,5,4,4,5,1,1,5,4,5,2,2,5
"175","Male","31 to 45 years","PHD","Gweru","Fifth",4,3,5,4,2,4,5,2,2,4,3,2,4,1,5,3,3,3,3,3,5,5,1,1,3,2,3
"176","Male","21 to 30 years","Masters","Zvishavane","Fourth",3,4,1,4,5,2,1,2,1,5,4,5,3,4,4,3,5,5,1,2,1,3,4,4,2,5,2
"177","Female","31 to 45 years","Masters","Harare","Above 5Year",2,3,1,4,4,1,1,2,1,3,4,4,3,3,5,1,2,4,5,1,4,5,2,5,1,3,2
"178","Male","21 to 30 years","Masters","Zvishavane","First",2,3,4,4,4,3,5,3,4,3,5,5,1,5,2,1,1,1,5,2,3,4,1,2,5,2,1
"180","Female","21 to 30 years","Undergraduate","Gweru","First",3,1,1,3,1,5,2,4,3,2,1,1,5,4,3,3,4,3,4,4,2,1,5,1,3,3,3
"181","Female","31 to 45 years","Bachelors","Harare","First",5,2,5,2,3,2,4,1,4,1,2,4,3,1,5,1,4,5,5,3,5,2,2,4,3,1,1
"182","Male","21 to 30 years","Masters","Harare","Fourth",5,3,2,2,5,5,4,3,3,5,5,3,4,4,5,2,5,2,1,3,4,5,4,5,5,4,3
"185","Male","21 to 30 years","Bachelors","Gweru","Fourth",5,4,2,4,1,3,5,3,4,3,3,4,3,5,4,5,4,3,2,4,1,1,5,1,1,2,1
"186","Male","21 to 30 years","Masters","Harare","Fourth",1,1,4,4,1,4,5,5,3,4,1,5,1,3,4,5,1,3,2,5,4,3,1,4,5,2,3
"187","Female","21 to 30 years","Undergraduate","Zvishavane","First",1,3,1,1,4,4,5,3,4,2,1,5,2,1,4,5,3,2,1,4,5,5,2,1,4,3,1
"188","Female","21 to 30 years","Masters","Harare","Fourth",2,2,2,4,4,1,2,1,5,2,5,3,3,1,2,4,2,2,1,2,3,4,4,1,2,3,1
"191","Female","21 to 30 years","PHD","Gweru","Second",1,1,3,3,4,2,5,5,5,3,2,5,3,1,4,4,5,3,3,2,4,3,2,5,2,4,3
"193","Female","31 to 45 years","PHD","Gweru","Fifth",2,5,3,4,1,1,4,3,2,5,1,1,2,2,1,4,3,5,5,1,2,3,3,1,2,2,2
"194","Male","21 to 30 years","Undergraduate","Gweru","Second",3,3,3,3,4,3,5,5,1,1,1,3,4,3,5,1,2,4,2,1,4,4,2,3,5,4,5
"195","Male","31 to 45 years","Bachelors","Zvishavane","Third",2,2,1,1,1,1,3,4,4,5,4,1,5,3,3,5,5,1,4,3,5,2,4,4,4,5,1
"197","Female","21 to 30 years","Bachelors","Zvishavane","Fifth",4,5,5,2,2,5,4,1,3,1,3,4,2,5,1,3,3,4,2,4,3,4,5,5,3,2,5
"198","Male","31 to 45 years","Undergraduate","Harare","Fifth",5,3,4,5,5,4,5,2,4,2,5,5,3,1,4,3,4,2,5,2,3,4,4,1,1,4,3
"199","Male","31 to 45 years","Undergraduate","Harare","Above 5Year",3,4,1,1,3,3,4,2,3,3,5,2,4,3,5,2,2,2,4,5,5,5,2,2,5,2,2
"200","Male","21 to 30 years","Masters","Zvishavane","Above 5Year",4,1,1,4,3,4,2,2,4,2,4,1,3,1,1,1,5,1,1,5,5,4,3,3,3,5,1
"201","Female","21 to 30 years","PHD","Zvishavane","Second",3,2,5,1,5,2,3,5,4,3,2,4,2,3,4,5,1,4,3,2,5,4,4,4,2,4,1
"202","Female","31 to 45 years","Bachelors","Zvishavane","Second",1,5,4,1,3,5,5,1,1,1,3,1,4,2,2,5,4,1,1,3,1,4,3,4,1,1,2
"203","Male","31 to 45 years","Undergraduate","Harare","Above 5Year",3,1,2,3,4,3,1,4,5,4,2,3,3,5,4,3,4,2,4,2,4,4,5,1,1,5,4
"206","Male","21 to 30 years","PHD","Harare","Third",1,5,5,1,2,5,3,3,3,2,4,3,5,1,1,5,2,1,1,5,2,5,4,5,3,4,5
"207","Female","21 to 30 years","Undergraduate","Harare","Fourth",5,3,5,4,1,3,2,4,5,1,4,1,5,3,1,1,1,5,5,5,2,4,2,2,2,4,2
"208","Female","31 to 45 years","Bachelors","Harare","Second",3,3,5,2,2,4,1,5,5,1,4,4,2,2,5,5,1,1,4,3,4,4,1,1,1,3,4
"209","Female","21 to 30 years","Masters","Gweru","First",4,3,1,2,1,3,1,5,4,5,4,3,1,5,4,2,5,1,1,4,1,2,5,5,3,1,5
"212","Female","21 to 30 years","PHD","Harare","Fifth",5,2,1,1,4,5,5,2,5,3,4,2,3,3,3,1,2,1,1,2,5,3,3,3,4,1,2
"213","Male","21 to 30 years","PHD","Zvishavane","Above 5Year",2,4,4,5,2,2,3,4,4,4,1,2,4,5,5,2,2,2,4,1,2,4,2,2,1,4,4
"214","Female","21 to 30 years","Undergraduate","Zvishavane","Fifth",2,5,4,1,5,2,5,3,4,5,4,1,5,4,2,1,3,3,2,4,2,1,1,4,1,4,1
"215","Female","31 to 45 years","PHD","Zvishavane","Fourth",3,5,1,3,4,5,4,2,4,2,2,4,1,2,3,2,2,3,2,1,5,3,5,3,1,1,2
"216","Female","21 to 30 years","Masters","Gweru","First",1,4,1,4,2,2,2,4,5,1,2,1,1,3,2,5,3,1,1,2,4,5,1,3,5,2,1
"217","Male","21 to 30 years","Masters","Gweru","Above 5Year",2,1,4,1,4,1,5,5,2,1,3,3,5,4,4,2,3,1,5,4,2,1,3,5,3,2,2
"218","Female","21 to 30 years","Masters","Zvishavane","Above 5Year",4,5,3,5,4,3,1,3,1,4,4,5,5,4,4,2,4,2,3,5,3,1,3,1,3,2,3
"219","Male","21 to 30 years","Undergraduate","Gweru","Above 5Year",4,1,5,2,4,5,2,2,1,5,2,5,2,3,2,2,3,5,5,3,3,1,4,1,2,2,4
"221","Male","21 to 30 years","Undergraduate","Zvishavane","Fourth",5,2,4,5,5,3,5,3,2,1,3,2,5,2,3,1,2,2,3,5,5,5,4,4,5,3,2
"222","Male","21 to 30 years","Masters","Zvishavane","Second",2,5,4,5,1,2,4,2,4,5,2,5,2,3,3,3,1,3,4,4,1,3,5,3,3,5,1
"223","Female","21 to 30 years","Bachelors","Harare","Fourth",3,4,2,5,5,2,3,3,3,5,5,3,3,1,2,1,2,2,1,4,5,3,2,1,2,2,5
"224","Male","31 to 45 years","Undergraduate","Gweru","Fifth",1,4,5,1,2,5,4,5,1,2,1,4,1,1,4,1,2,4,2,4,1,4,4,2,1,2,2
"226","Female","21 to 30 years","PHD","Harare","Fifth",3,4,2,5,3,4,4,2,5,1,2,4,1,1,2,1,3,5,4,4,1,4,4,5,2,1,5
"227","Female","21 to 30 years","PHD","Gweru","First",4,4,5,1,2,1,5,3,4,2,2,2,4,3,5,3,1,1,2,4,4,2,3,3,4,2,4
"228","Male","31 to 45 years","Bachelors","Zvishavane","Third",1,3,2,4,5,4,4,1,2,5,1,5,1,2,5,5,4,2,1,2,2,4,4,2,3,5,2
"229","Female","21 to 30 years","PHD","Gweru","Second",1,4,3,1,4,3,5,3,3,5,4,3,4,3,4,3,4,4,2,1,4,4,2,5,3,1,5
"231","Female","21 to 30 years","Undergraduate","Zvishavane","First",2,2,4,3,3,1,3,4,4,2,5,4,5,5,3,3,4,1,5,1,1,4,3,3,1,2,2
"234","Male","21 to 30 years","Masters","Gweru","Third",5,5,5,2,2,3,3,3,4,5,2,2,2,1,1,1,5,5,1,1,3,4,4,1,3,1,4
"235","Male","21 to 30 years","PHD","Harare","First",4,2,2,2,4,2,1,1,3,4,4,1,2,1,3,1,3,1,2,1,4,3,1,5,1,2,5
"236","Female","21 to 30 years","Bachelors","Zvishavane","Second",2,2,4,3,3,1,5,4,1,4,4,4,1,3,2,2,5,2,4,3,1,4,2,3,3,5,3
"237","Female","31 to 45 years","Masters","Harare","First",3,4,4,3,4,5,4,3,3,1,4,5,2,1,4,3,5,3,5,5,5,1,4,3,2,4,2
"238","Female","31 to 45 years","Undergraduate","Zvishavane","Fifth",3,2,2,2,1,1,5,3,2,2,1,4,5,4,2,2,1,2,3,1,5,4,4,3,2,2,1
"240","Female","21 to 30 years","Undergraduate","Gweru","Third",2,2,5,1,2,5,1,5,2,5,1,4,2,3,1,3,4,5,3,1,4,3,3,2,4,3,1
"241","Female","31 to 45 years","Bachelors","Zvishavane","Fourth",4,4,4,5,2,3,2,1,4,4,4,2,3,2,4,1,5,2,2,5,4,2,1,3,4,3,3
"243","Female","31 to 45 years","Undergraduate","Harare","Fifth",1,3,1,2,4,1,1,1,2,4,2,5,4,4,2,2,4,4,2,5,3,5,1,3,2,2,2
"244","Female","21 to 30 years","Undergraduate","Harare","Fourth",1,1,1,3,1,4,1,1,1,4,3,4,2,5,4,4,3,5,2,2,5,5,5,2,1,3,2
"245","Male","21 to 30 years","PHD","Gweru","Fifth",5,1,5,5,5,5,1,1,2,1,2,5,5,1,2,2,4,4,4,4,5,1,5,5,3,5,3
"247","Male","31 to 45 years","Masters","Harare","Fourth",3,2,2,1,2,4,2,5,5,5,4,3,3,1,5,3,5,2,2,4,2,1,4,1,2,5,5
"248","Male","31 to 45 years","PHD","Zvishavane","First",3,2,3,2,4,4,1,1,3,5,3,3,4,3,5,4,1,1,3,3,4,2,4,3,1,5,4
"249","Male","21 to 30 years","Bachelors","Harare","Above 5Year",5,1,2,2,1,2,1,3,5,1,5,5,3,3,5,3,4,3,2,1,3,2,3,2,4,4,5
"250","Female","21 to 30 years","Bachelors","Zvishavane","Fifth",4,5,3,4,3,3,1,5,1,4,5,3,2,2,2,2,4,1,4,5,4,1,3,3,4,3,5
"251","Male","31 to 45 years","Bachelors","Gweru","Third",5,5,1,4,4,1,3,2,2,2,2,3,1,3,1,4,1,5,2,1,5,5,2,2,2,5,4
"252","Male","21 to 30 years","Bachelors","Harare","Above 5Year",4,5,4,5,2,4,2,2,1,4,3,3,4,3,1,4,1,5,5,3,3,1,5,4,3,2,3
"253","Male","31 to 45 years","PHD","Zvishavane","Second",3,4,2,1,5,5,2,3,5,1,2,1,4,2,1,1,1,2,2,1,2,1,3,1,3,2,5
"254","Female","31 to 45 years","Bachelors","Harare","First",3,5,2,2,1,4,5,5,4,3,2,3,3,2,2,5,4,1,5,4,1,3,5,2,3,2,5
"255","Female","21 to 30 years","Bachelors","Harare","Second",2,5,4,1,1,5,5,2,5,4,4,1,3,3,3,5,1,5,4,2,2,3,3,1,3,3,4
"256","Male","31 to 45 years","PHD","Gweru","Above 5Year",1,5,5,5,5,1,1,4,1,3,5,3,2,5,4,1,1,4,3,2,3,1,2,3,4,5,2
"257","Male","31 to 45 years","Bachelors","Zvishavane","Fifth",3,2,2,2,4,4,2,1,2,3,4,5,2,2,3,4,5,1,4,3,5,5,3,3,5,1,5
"258","Male","21 to 30 years","PHD","Zvishavane","Third",4,2,4,4,1,4,1,2,3,5,2,4,1,4,3,1,5,1,1,2,3,5,2,2,4,4,5
"259","Male","21 to 30 years","PHD","Harare","Second",4,2,5,1,5,1,2,1,5,5,5,4,3,2,4,3,2,2,4,5,4,2,3,4,3,4,3
"262","Male","31 to 45 years","Bachelors","Zvishavane","Above 5Year",5,3,2,3,2,5,2,4,1,4,5,1,4,1,1,1,2,1,2,5,2,2,5,3,4,5,5
"263","Male","21 to 30 years","Undergraduate","Zvishavane","Second",3,1,4,4,1,4,5,4,1,2,4,2,5,4,5,1,3,1,2,2,2,3,3,2,3,2,2
"264","Male","21 to 30 years","Bachelors","Harare","Above 5Year",5,3,4,2,1,4,3,3,4,5,2,3,2,5,3,4,5,5,3,3,2,1,5,4,5,4,5
"265","Male","31 to 45 years","Undergraduate","Gweru","Fourth",4,4,4,2,5,5,4,3,2,5,5,2,3,3,2,1,3,5,1,3,2,3,2,3,2,1,4
"266","Male","21 to 30 years","Masters","Harare","Above 5Year",3,3,1,3,5,3,5,3,4,5,3,2,5,3,1,2,1,5,4,1,4,5,5,5,4,5,1
"267","Female","31 to 45 years","Undergraduate","Harare","Second",4,1,3,5,1,4,1,3,1,1,5,1,2,5,2,3,1,3,4,4,2,5,1,4,3,3,2
"269","Male","31 to 45 years","Undergraduate","Gweru","Fifth",2,4,2,1,3,4,2,4,1,2,4,1,1,4,5,4,4,2,5,1,2,2,1,2,3,3,1
"270","Female","31 to 45 years","PHD","Zvishavane","Fifth",4,4,4,4,2,2,2,1,2,4,3,2,3,3,1,5,2,3,3,1,1,3,3,5,2,1,4
"272","Male","21 to 30 years","Masters","Harare","First",3,3,3,3,5,3,2,2,3,5,5,2,2,3,4,1,1,2,3,1,5,5,1,1,1,5,2
"273","Male","21 to 30 years","Undergraduate","Gweru","Second",1,1,3,2,4,1,5,1,3,4,2,2,5,4,4,4,1,2,1,1,4,3,2,1,1,4,3
"274","Female","21 to 30 years","PHD","Harare","Second",2,4,3,1,5,2,4,4,2,2,1,3,3,1,1,3,5,1,4,4,2,5,1,3,4,1,2
"275","Male","21 to 30 years","Undergraduate","Gweru","Fourth",5,4,3,1,4,5,5,1,3,2,2,2,3,3,1,2,2,2,1,5,5,1,3,2,1,2,5
"278","Female","31 to 45 years","Undergraduate","Gweru","Second",4,3,2,2,4,1,4,2,5,3,2,5,3,2,5,4,1,2,2,2,2,3,2,2,3,1,5
"279","Male","31 to 45 years","Bachelors","Gweru","First",5,2,4,5,2,3,1,3,3,5,3,1,2,2,4,5,3,2,1,1,4,4,2,2,4,5,2
"282","Male","31 to 45 years","Bachelors","Harare","First",2,4,3,2,2,2,5,3,4,3,1,3,2,4,3,5,4,1,1,3,4,1,1,4,2,3,5
"283","Male","21 to 30 years","Masters","Gweru","Fourth",5,3,5,1,2,3,2,4,4,5,5,3,4,4,3,1,4,5,2,3,3,3,2,3,2,1,1
"284","Female","21 to 30 years","PHD","Zvishavane","First",4,2,1,1,5,1,1,3,3,1,1,1,1,3,3,5,4,4,5,4,3,4,5,2,5,2,2
"285","Female","21 to 30 years","Undergraduate","Harare","Fifth",4,5,4,5,4,3,3,2,4,2,4,3,1,5,2,2,4,2,3,5,5,3,1,5,2,5,2
"286","Male","21 to 30 years","PHD","Harare","Above 5Year",5,4,3,3,4,2,4,4,3,1,1,1,4,1,2,5,4,3,3,4,1,4,3,2,1,2,5
"287","Female","21 to 30 years","Bachelors","Harare","Fifth",2,1,1,3,5,5,5,3,2,5,5,1,1,1,3,1,2,1,2,2,1,3,5,1,2,3,4
"288","Female","21 to 30 years","Undergraduate","Harare","Third",2,2,2,3,1,5,4,3,1,3,5,5,3,2,5,2,1,5,2,1,2,4,2,4,3,4,2
"290","Male","31 to 45 years","PHD","Zvishavane","Fourth",5,3,5,5,2,1,2,3,5,4,4,3,3,1,4,2,1,5,5,2,5,4,5,5,2,5,5
"293","Male","21 to 30 years","Bachelors","Harare","First",3,4,5,1,4,5,5,1,2,1,4,4,2,3,5,3,1,4,5,5,5,5,4,3,5,1,4
"294","Male","31 to 45 years","Bachelors","Harare","Second",3,2,4,5,3,1,4,2,5,3,2,5,2,2,2,1,4,2,1,2,2,5,4,2,1,1,5
"295","Female","21 to 30 years","PHD","Harare","Fifth",5,3,3,4,3,4,1,5,5,5,3,3,1,5,4,3,5,3,1,1,5,3,5,2,2,2,1
"296","Male","21 to 30 years","Bachelors","Zvishavane","Second",5,1,2,3,4,1,1,3,4,3,5,4,4,4,2,4,5,4,2,4,3,5,2,5,4,3,4
"297","Male","31 to 45 years","Masters","Zvishavane","Fourth",4,5,2,5,1,4,2,5,5,2,5,4,3,4,1,5,5,1,3,2,2,1,1,3,3,2,4
"298","Male","21 to 30 years","PHD","Gweru","Second",1,3,2,4,3,2,2,2,2,1,2,4,3,3,5,1,5,3,5,1,1,2,5,5,5,1,3
"299","Female","31 to 45 years","Masters","Harare","First",5,4,4,5,4,4,4,5,1,2,3,5,5,1,3,1,4,4,3,3,3,4,4,5,3,1,5
"300","Female","31 to 45 years","Masters","Gweru","Above 5Year",1,1,5,1,2,5,4,1,4,3,2,1,1,4,5,1,4,2,2,4,1,1,1,2,1,2,1
"301","Female","21 to 30 years","Masters","Gweru","Fourth",3,4,1,5,1,1,1,2,5,3,1,4,2,1,1,3,3,4,5,3,3,5,1,1,1,1,4
"302","Female","21 to 30 years","Bachelors","Zvishavane","Fourth",1,1,2,4,5,3,4,1,4,1,2,2,3,1,1,3,5,1,2,3,4,3,4,4,2,4,2
"303","Female","31 to 45 years","PHD","Harare","Fourth",5,4,5,3,1,5,4,3,4,2,2,5,5,4,2,5,4,3,4,2,2,2,4,3,1,3,3
"304","Female","21 to 30 years","PHD","Gweru","Second",5,4,4,1,5,5,4,3,1,3,2,3,2,4,1,5,3,4,4,5,3,3,3,2,1,3,4
"305","Female","21 to 30 years","Undergraduate","Gweru","Fourth",4,4,2,3,4,1,2,5,1,5,2,3,1,5,4,1,4,3,5,4,5,1,3,1,1,3,3
"306","Female","21 to 30 years","Undergraduate","Harare","Fourth",3,1,1,3,5,3,4,3,1,3,4,4,4,3,4,4,3,2,4,3,1,5,2,4,3,4,4
"307","Female","21 to 30 years","Bachelors","Gweru","First",1,3,5,3,5,1,2,3,4,1,5,3,1,4,3,1,4,1,3,1,4,3,4,5,4,4,4
"309","Female","21 to 30 years","Bachelors","Harare","Second",1,1,1,3,2,3,5,1,3,1,2,5,4,5,4,5,1,2,2,4,5,4,1,2,4,4,3
"310","Male","31 to 45 years","Bachelors","Zvishavane","First",3,2,5,5,3,1,3,3,1,3,4,4,5,1,5,5,1,4,3,2,5,3,4,5,5,1,2
"312","Male","31 to 45 years","Masters","Zvishavane","Above 5Year",5,5,1,5,3,3,3,4,3,4,4,1,3,3,4,2,3,1,4,2,3,4,5,1,2,5,1
"316","Female","21 to 30 years","Bachelors","Gweru","Third",1,4,4,2,4,1,3,1,2,1,5,5,1,5,3,2,3,3,3,4,4,2,4,3,5,3,1
"317","Female","21 to 30 years","Masters","Gweru","Above 5Year",1,2,3,3,3,5,3,4,3,3,4,2,2,3,2,5,2,5,2,4,3,1,2,2,5,4,2
"318","Female","21 to 30 years","PHD","Gweru","Fourth",1,2,2,4,1,2,4,3,1,4,5,3,2,3,1,3,4,3,1,2,3,2,3,1,1,1,1
"319","Female","21 to 30 years","Bachelors","Zvishavane","Fourth",3,2,4,4,1,2,3,5,1,3,1,3,1,1,1,2,1,5,2,2,3,5,5,1,2,5,3
"320","Male","21 to 30 years","PHD","Zvishavane","Fifth",4,1,2,3,3,3,2,4,2,3,4,5,4,4,4,1,5,1,5,4,3,5,5,4,3,3,1
"322","Female","21 to 30 years","Masters","Harare","Third",1,4,5,1,1,3,2,3,5,3,2,5,3,3,5,2,2,4,4,5,3,5,1,2,1,4,5
"323","Male","31 to 45 years","Masters","Harare","Third",5,1,3,5,3,5,3,1,3,1,4,1,3,4,4,4,2,1,3,3,1,2,1,2,2,2,2
"324","Male","21 to 30 years","PHD","Harare","Second",3,5,3,4,2,4,3,1,5,3,3,4,4,4,4,5,2,5,5,2,4,4,4,3,2,1,3
"325","Male","31 to 45 years","PHD","Gweru","First",3,2,2,2,3,5,4,1,2,4,5,2,4,1,3,4,1,3,2,1,2,3,4,1,2,3,3
"327","Female","21 to 30 years","PHD","Zvishavane","Third",2,5,5,2,5,1,2,5,4,5,1,1,5,2,3,3,4,4,5,3,1,2,3,4,4,3,3
"328","Male","21 to 30 years","Masters","Harare","Fifth",5,2,4,1,2,1,1,2,3,2,3,1,5,2,4,3,1,5,1,1,1,5,1,5,4,1,2
"329","Male","21 to 30 years","Bachelors","Gweru","Second",5,5,4,4,4,2,3,1,2,3,1,2,5,2,4,1,1,1,4,1,4,1,3,4,1,3,5
"330","Female","21 to 30 years","PHD","Zvishavane","Third",2,4,5,4,5,3,4,4,1,4,5,1,4,5,3,5,2,3,1,3,5,5,2,5,1,1,4
"331","Female","21 to 30 years","Bachelors","Harare","Fourth",1,3,3,2,1,2,4,1,3,3,2,2,3,1,5,2,3,3,1,4,4,1,5,3,2,1,2
"334","Male","21 to 30 years","Bachelors","Gweru","Second",2,2,1,1,4,1,5,3,1,2,5,4,4,2,3,3,4,3,1,4,2,1,5,4,2,3,5
"335","Female","31 to 45 years","Masters","Zvishavane","Fourth",3,5,5,3,2,3,5,3,3,4,2,1,1,1,4,2,3,2,5,3,2,3,4,1,2,5,1
"336","Male","21 to 30 years","PHD","Zvishavane","Above 5Year",2,2,1,2,4,1,5,5,2,4,2,3,5,2,5,5,4,1,5,4,4,5,3,3,3,3,5
"337","Male","31 to 45 years","PHD","Harare","Fifth",1,4,3,2,1,2,2,2,1,4,4,2,5,2,3,5,4,3,2,3,4,3,3,5,4,4,2
"339","Female","21 to 30 years","Bachelors","Harare","Second",2,1,5,2,5,5,3,3,4,3,1,1,1,4,2,3,4,3,1,3,4,1,5,5,1,1,2
"342","Male","21 to 30 years","Masters","Harare","Above 5Year",1,2,5,1,2,4,5,3,1,5,2,3,3,2,3,4,2,5,4,4,2,2,1,1,1,3,3
"343","Female","31 to 45 years","Undergraduate","Gweru","Second",4,2,1,2,1,4,4,1,1,2,2,1,2,3,4,2,2,3,1,5,2,1,1,4,3,5,4
"347","Male","21 to 30 years","Bachelors","Harare","Above 5Year",2,4,4,5,2,1,4,4,2,2,4,1,2,4,4,5,2,4,5,4,3,2,1,5,2,1,3
"350","Male","21 to 30 years","Masters","Zvishavane","Fourth",1,2,1,3,5,1,2,3,3,2,3,3,2,3,1,1,5,3,3,2,4,4,3,5,2,4,5
"351","Female","21 to 30 years","PHD","Gweru","Second",2,1,5,3,2,5,5,2,1,4,5,4,3,4,4,1,2,2,3,3,3,4,4,4,2,2,2
"352","Female","21 to 30 years","Undergraduate","Harare","First",1,3,3,4,1,5,3,1,1,1,3,1,3,3,5,5,1,5,3,2,1,1,1,1,3,3,4
"354","Male","21 to 30 years","Masters","Zvishavane","Fifth",3,4,4,2,1,1,3,5,2,5,1,1,1,5,5,4,4,3,4,5,4,2,2,2,4,2,1
"356","Male","31 to 45 years","Masters","Zvishavane","First",2,3,1,5,1,4,4,4,5,5,5,5,3,2,1,1,4,2,3,3,5,3,2,4,2,2,3
"357","Female","31 to 45 years","Masters","Harare","Fourth",2,2,1,4,4,1,3,4,2,5,4,1,4,2,5,3,2,1,3,5,3,2,1,5,4,2,1
"359","Female","21 to 30 years","Undergraduate","Gweru","Fifth",4,3,5,1,5,3,3,1,3,2,1,5,5,1,4,5,3,4,5,3,3,3,1,3,5,3,4
"360","Male","31 to 45 years","Undergraduate","Harare","Above 5Year",1,5,2,4,5,5,3,5,2,5,4,2,4,1,3,4,2,3,4,3,5,3,2,2,3,5,1
"361","Female","21 to 30 years","Undergraduate","Zvishavane","Above 5Year",1,2,5,1,4,1,5,3,1,1,2,2,5,1,2,1,3,1,2,5,4,2,4,4,1,5,5
"362","Male","21 to 30 years","Undergraduate","Gweru","First",2,4,4,2,4,1,1,3,4,1,1,1,2,2,3,3,4,3,3,4,5,1,3,2,4,3,5
"363","Female","21 to 30 years","Undergraduate","Zvishavane","Third",3,3,3,2,3,2,5,5,4,5,5,2,5,2,3,5,2,2,1,1,4,2,2,2,4,2,3
"365","Female","31 to 45 years","Masters","Zvishavane","Fifth",4,2,4,4,5,3,5,1,5,5,4,5,2,2,1,1,2,4,2,2,2,4,2,5,4,4,1
"367","Female","21 to 30 years","Masters","Gweru","Above 5Year",4,4,5,1,5,4,1,1,3,3,2,1,4,2,2,1,2,3,5,2,3,3,2,1,4,3,4
"368","Male","31 to 45 years","Masters","Gweru","Third",2,3,4,2,5,1,5,2,5,5,1,1,4,4,4,4,1,5,5,5,5,4,2,3,3,4,3
"369","Male","31 to 45 years","Undergraduate","Zvishavane","Second",2,4,4,2,4,3,4,4,4,4,2,4,2,4,2,1,2,2,2,1,3,5,4,5,3,2,2
"370","Male","21 to 30 years","PHD","Zvishavane","Above 5Year",3,4,3,3,3,2,4,5,3,2,4,3,1,5,1,5,3,1,4,4,1,2,3,3,5,3,1
"371","Male","31 to 45 years","Masters","Zvishavane","Fifth",1,5,4,4,4,2,2,2,5,1,4,5,1,1,4,2,1,3,2,1,4,3,4,3,5,4,3
"373","Female","21 to 30 years","Masters","Harare","Fourth",3,5,1,1,2,5,4,1,3,1,5,2,2,5,2,1,3,4,5,4,5,1,4,5,3,4,3
"374","Male","21 to 30 years","Masters","Harare","Fifth",2,3,2,4,4,4,5,2,1,2,5,5,2,1,5,1,1,4,4,4,1,5,4,5,4,4,2
"376","Female","31 to 45 years","Bachelors","Zvishavane","Fourth",5,2,4,3,2,3,2,4,4,1,2,4,2,3,1,5,3,2,1,5,1,2,4,5,2,1,2
"378","Female","21 to 30 years","Bachelors","Gweru","Fifth",3,2,2,5,4,3,5,1,3,1,2,2,3,3,2,3,5,3,1,2,5,5,3,4,4,3,1
"379","Male","31 to 45 years","Masters","Zvishavane","Third",3,1,4,5,4,4,1,1,2,3,4,2,1,1,2,5,1,3,2,4,2,4,3,5,5,5,1
"380","Male","21 to 30 years","Undergraduate","Zvishavane","Second",5,3,1,4,4,4,3,4,4,4,1,1,1,2,5,1,2,4,1,2,2,3,3,4,3,4,4
"381","Male","21 to 30 years","PHD","Zvishavane","First",2,5,5,1,4,1,1,2,1,1,3,1,5,3,5,5,1,1,3,2,4,2,4,1,5,2,3
"383","Male","21 to 30 years","Bachelors","Zvishavane","First",3,2,1,3,4,1,5,5,3,5,4,4,5,1,1,3,4,1,5,1,4,4,2,5,4,1,3
"384","Female","31 to 45 years","Bachelors","Zvishavane","Fifth",2,1,1,2,4,3,2,2,1,3,3,3,3,2,4,3,1,2,2,3,4,3,3,4,5,1,4
"385","Female","21 to 30 years","Undergraduate","Gweru","First",2,3,4,3,2,4,4,3,1,5,4,1,4,4,2,1,2,2,2,5,3,2,1,5,3,2,2
"387","Male","21 to 30 years","Masters","Harare","Third",2,5,5,1,5,3,2,5,2,1,1,2,5,2,3,5,5,5,4,2,2,2,3,4,4,1,5
"388","Female","31 to 45 years","PHD","Gweru","Above 5Year",1,1,4,4,4,3,3,2,5,3,1,4,5,3,3,1,4,4,4,2,3,4,4,3,2,5,5
"389","Female","31 to 45 years","Bachelors","Zvishavane","Fifth",1,4,4,5,4,4,2,2,3,3,1,1,4,4,2,5,1,1,5,3,4,4,3,5,1,5,5
"391","Female","21 to 30 years","Bachelors","Zvishavane","Above 5Year",2,2,1,4,4,5,4,5,2,3,1,2,5,4,1,5,2,1,5,5,4,4,4,5,1,2,5
"392","Male","21 to 30 years","PHD","Harare","Above 5Year",2,5,3,1,3,4,5,4,4,4,1,1,2,1,3,3,3,3,3,1,4,1,3,1,3,4,5
"393","Male","31 to 45 years","PHD","Zvishavane","Second",3,5,1,3,1,5,2,1,2,2,4,3,1,3,3,1,5,3,3,3,3,5,4,1,1,4,3
"394","Male","31 to 45 years","PHD","Zvishavane","Fourth",3,2,3,5,2,4,1,3,2,4,2,5,5,4,3,3,2,3,2,5,2,2,1,5,1,2,3
"395","Female","21 to 30 years","Masters","Harare","Second",2,3,1,2,3,5,1,2,1,1,5,2,2,5,4,1,5,1,1,3,1,1,4,2,3,2,3
"396","Female","21 to 30 years","Masters","Zvishavane","Fourth",5,3,3,1,1,1,1,2,4,2,5,3,5,4,3,5,1,1,2,5,4,4,4,2,1,4,2
"397","Male","31 to 45 years","Masters","Zvishavane","Second",5,1,3,3,2,5,4,2,5,2,5,3,5,5,4,2,5,2,5,2,5,2,2,5,2,5,3
"398","Male","21 to 30 years","Undergraduate","Harare","Fifth",2,1,5,5,5,3,4,1,5,4,5,3,2,4,4,5,3,2,3,3,3,3,5,2,5,4,1
"399","Male","31 to 45 years","Bachelors","Harare","Fifth",5,3,1,5,5,2,2,1,1,4,3,4,1,3,3,1,5,3,1,3,1,3,1,2,1,3,1
"402","Female","21 to 30 years","PHD","Gweru","First",4,4,4,4,2,2,2,1,2,4,4,3,4,2,4,4,4,1,1,2,3,4,2,1,1,4,3
"404","Female","31 to 45 years","Undergraduate","Gweru","Above 5Year",4,5,4,1,5,2,2,2,4,1,2,4,2,4,5,1,4,5,1,3,5,2,4,2,1,4,5
"405","Female","31 to 45 years","Bachelors","Harare","First",3,3,3,4,2,5,3,3,1,4,1,2,2,5,5,4,1,2,4,4,5,3,2,2,1,1,3
"406","Female","21 to 30 years","PHD","Gweru","Fifth",4,4,4,4,5,4,3,3,1,2,1,3,5,4,5,2,3,5,2,4,2,3,4,1,2,3,2
"407","Female","21 to 30 years","Bachelors","Harare","Third",5,1,1,2,5,2,4,4,2,2,4,1,3,1,4,1,5,3,1,2,3,3,3,1,2,3,3
"408","Female","21 to 30 years","PHD","Zvishavane","First",1,1,1,2,1,4,3,4,4,2,5,2,1,2,3,1,4,5,4,1,1,4,1,1,3,5,4
"409","Female","31 to 45 years","Undergraduate","Zvishavane","Fifth",4,1,4,2,1,4,5,1,4,2,3,1,3,1,5,1,5,3,2,1,2,4,5,2,4,5,2
"410","Male","21 to 30 years","Undergraduate","Gweru","Third",1,4,2,4,1,5,5,4,4,2,5,4,3,2,3,2,1,5,3,4,1,1,1,1,3,5,1
"411","Male","21 to 30 years","PHD","Gweru","Fifth",5,5,4,1,2,2,2,3,5,5,5,3,4,4,4,5,5,5,2,5,4,3,3,5,1,1,2
"412","Female","21 to 30 years","Undergraduate","Gweru","Above 5Year",2,2,3,4,5,3,1,3,4,2,3,2,3,2,2,3,2,5,4,3,3,2,1,5,3,5,5
"414","Female","31 to 45 years","Masters","Zvishavane","Fifth",1,3,1,1,1,5,5,1,4,4,2,1,2,2,1,2,2,2,3,3,1,4,5,5,2,2,3
"415","Female","31 to 45 years","Bachelors","Harare","Above 5Year",3,1,2,4,2,5,2,1,4,2,1,5,3,4,2,4,5,1,2,5,3,4,1,4,1,3,3
"416","Female","21 to 30 years","PHD","Gweru","Second",4,1,4,3,4,3,4,4,1,1,5,1,3,2,1,2,3,1,1,1,4,5,1,5,3,4,5
"417","Female","21 to 30 years","Bachelors","Zvishavane","Third",3,2,3,2,4,4,3,3,5,5,4,3,3,1,1,3,1,1,2,2,3,1,4,5,2,5,4
"418","Female","31 to 45 years","PHD","Gweru","Fourth",1,2,2,2,5,5,5,2,4,2,1,5,4,5,4,3,4,4,2,3,5,3,5,1,2,1,5
"420","Female","21 to 30 years","Undergraduate","Gweru","First",3,1,5,2,4,2,2,5,5,2,2,4,1,5,3,1,1,4,2,4,3,2,4,2,4,3,4
"421","Female","21 to 30 years","Masters","Zvishavane","First",3,3,2,5,5,4,1,4,3,1,1,1,1,1,2,4,5,5,2,1,3,1,3,3,4,3,5
"423","Male","31 to 45 years","PHD","Harare","Third",1,2,1,5,3,4,2,2,4,2,2,5,1,5,3,3,3,4,3,4,5,5,4,1,5,1,2
"424","Female","21 to 30 years","Undergraduate","Zvishavane","Fourth",3,4,5,2,3,5,2,1,3,3,1,4,2,4,1,2,3,1,5,3,2,2,3,5,1,3,1
"425","Male","21 to 30 years","Masters","Gweru","First",3,3,1,2,2,4,4,3,5,1,1,3,3,4,1,2,4,2,3,4,2,2,4,4,4,3,1
"426","Female","31 to 45 years","PHD","Gweru","Fourth",4,4,2,4,1,5,5,3,4,5,2,4,4,4,1,1,5,1,4,4,2,4,3,4,2,2,5
"427","Female","21 to 30 years","Undergraduate","Harare","First",2,1,5,3,3,3,3,1,4,4,2,4,1,5,2,3,5,4,4,2,1,1,3,4,4,3,4
"428","Male","21 to 30 years","Bachelors","Harare","Fifth",2,3,2,3,5,1,3,2,1,5,1,1,3,2,1,1,3,1,4,5,4,1,2,1,2,2,4
"429","Male","21 to 30 years","PHD","Harare","Second",1,4,2,2,1,5,2,3,3,4,1,3,3,1,5,1,4,4,4,3,3,4,3,2,1,3,5
"431","Male","21 to 30 years","PHD","Harare","First",4,2,5,1,5,1,5,3,3,4,4,4,1,4,2,3,1,1,5,4,5,5,4,4,4,1,3
"432","Female","21 to 30 years","Bachelors","Gweru","Fourth",2,3,5,2,4,5,3,5,3,5,2,1,2,2,3,2,2,5,2,2,3,1,1,3,4,4,4
"434","Female","21 to 30 years","Undergraduate","Zvishavane","Fourth",4,1,5,1,2,3,2,1,1,5,3,3,2,2,2,3,4,3,3,1,3,4,2,5,3,4,5
"436","Female","21 to 30 years","PHD","Zvishavane","Third",2,5,4,3,1,3,4,3,1,1,2,2,1,1,1,4,5,5,5,5,5,4,2,4,3,2,5
"437","Male","21 to 30 years","Bachelors","Harare","Second",2,1,1,4,3,1,4,2,3,1,3,4,3,2,4,3,5,3,2,1,1,1,5,2,5,4,1
"438","Male","31 to 45 years","Bachelors","Zvishavane","Fourth",3,1,5,5,5,2,2,2,1,5,1,4,4,5,4,4,4,4,5,2,5,5,3,3,2,4,4
"439","Female","31 to 45 years","Masters","Gweru","First",3,3,1,2,5,1,5,5,1,2,2,1,5,2,5,1,2,1,4,5,4,5,1,4,1,5,5
"440","Female","31 to 45 years","Masters","Zvishavane","Above 5Year",1,2,2,1,4,4,4,1,4,5,5,1,2,5,2,1,4,5,5,3,3,1,4,5,1,5,1
"442","Female","31 to 45 years","Bachelors","Gweru","Second",4,1,3,4,5,5,3,1,3,1,5,4,3,3,5,4,3,4,3,4,3,1,4,3,5,5,2
"446","Male","31 to 45 years","Undergraduate","Harare","Above 5Year",5,3,4,1,2,5,2,2,1,5,2,3,1,2,4,4,4,1,4,2,3,5,5,1,4,1,2
"447","Male","21 to 30 years","Masters","Zvishavane","Fifth",2,2,2,3,4,3,1,4,4,4,4,3,2,4,3,3,3,4,1,5,2,4,3,5,4,4,4
"448","Female","21 to 30 years","PHD","Gweru","Second",1,1,3,2,1,3,3,1,4,4,1,1,2,2,1,2,5,1,1,1,4,4,4,3,5,1,3
"449","Male","31 to 45 years","PHD","Gweru","Above 5Year",3,2,1,1,3,3,5,1,2,3,5,1,3,1,1,4,5,2,2,5,5,4,3,4,2,2,5
"452","Female","21 to 30 years","Undergraduate","Zvishavane","First",2,1,4,4,5,1,1,5,3,1,1,3,5,4,4,2,1,2,2,2,5,5,2,1,3,4,5
"453","Female","21 to 30 years","PHD","Gweru","Above 5Year",1,3,5,3,4,5,1,1,1,5,3,5,5,2,4,1,3,4,2,4,1,1,1,1,3,4,3
"456","Female","31 to 45 years","Undergraduate","Zvishavane","Fourth",3,3,2,4,3,3,3,5,4,5,5,5,4,5,2,4,3,3,1,3,2,4,3,3,3,1,5
"458","Male","31 to 45 years","Masters","Zvishavane","Fourth",1,5,3,4,3,4,5,1,4,1,2,4,3,4,3,5,5,4,4,4,3,1,2,1,3,4,2
"459","Female","21 to 30 years","Undergraduate","Harare","Fourth",1,2,1,5,1,3,3,4,2,4,5,1,3,2,1,1,1,3,3,2,3,1,5,1,5,1,3
"460","Female","21 to 30 years","Bachelors","Zvishavane","Third",1,1,5,4,2,4,4,1,1,2,4,1,5,5,2,2,4,5,1,1,3,3,1,3,4,1,2
"462","Female","31 to 45 years","Bachelors","Gweru","Fifth",2,4,4,2,3,5,1,4,3,2,3,5,2,1,3,1,2,5,5,5,1,3,5,4,2,1,2
"464","Female","21 to 30 years","Undergraduate","Gweru","Second",1,2,2,5,3,2,3,4,1,4,4,4,1,4,2,4,1,2,2,5,4,4,1,1,2,2,4
"466","Male","21 to 30 years","PHD","Harare","First",1,2,3,3,3,4,5,5,1,5,4,4,3,1,2,4,1,5,1,1,5,5,4,5,5,4,2
"467","Male","31 to 45 years","PHD","Harare","Fifth",1,1,2,5,1,3,5,1,4,4,2,5,2,4,5,5,3,2,4,2,2,4,5,5,3,4,5
"468","Male","21 to 30 years","Undergraduate","Gweru","Above 5Year",5,4,1,4,3,1,1,1,3,2,5,3,1,2,1,2,5,5,3,4,1,5,3,4,2,2,4
"469","Male","21 to 30 years","Bachelors","Zvishavane","Fourth",4,1,4,4,3,1,4,1,4,2,5,3,5,5,5,1,4,1,4,2,3,5,3,5,5,2,4
"472","Male","21 to 30 years","Undergraduate","Harare","Fifth",3,2,2,2,5,2,4,4,4,5,3,4,3,5,2,1,4,2,4,5,5,5,2,2,2,5,3
"473","Male","21 to 30 years","Undergraduate","Gweru","First",1,4,4,5,5,5,4,2,2,2,5,3,2,3,2,4,5,1,3,4,4,3,4,1,4,3,5
"474","Female","21 to 30 years","Bachelors","Harare","Above 5Year",2,4,4,4,4,3,3,4,1,1,3,4,2,2,5,4,4,2,4,1,1,4,5,3,1,2,3
"475","Male","21 to 30 years","Masters","Harare","Above 5Year",5,3,5,1,5,2,1,3,4,2,4,4,4,3,2,2,1,3,4,3,5,2,5,1,1,3,5
"476","Female","21 to 30 years","Undergraduate","Zvishavane","Fourth",5,3,4,2,3,3,3,4,2,2,2,5,1,1,2,5,2,2,2,1,2,5,3,4,4,4,3
"477","Male","21 to 30 years","Bachelors","Harare","Third",2,3,1,4,2,3,2,4,3,5,2,2,1,4,1,2,4,3,1,4,1,4,3,3,4,1,3
"478","Female","21 to 30 years","PHD","Harare","First",4,3,2,3,1,3,3,2,5,1,5,2,3,3,5,4,1,5,5,2,1,2,2,4,2,1,3
"479","Male","21 to 30 years","Masters","Zvishavane","Above 5Year",2,4,5,4,3,5,5,1,2,1,2,2,2,4,3,1,2,5,4,1,5,2,3,5,5,1,2
"480","Male","31 to 45 years","Undergraduate","Zvishavane","Above 5Year",2,3,1,1,5,2,1,3,4,4,4,5,5,4,2,3,5,1,2,5,4,3,2,5,2,5,3
"482","Female","31 to 45 years","Bachelors","Zvishavane","Third",3,3,5,2,3,3,1,4,3,5,4,5,2,1,3,5,5,4,4,4,4,3,5,2,5,1,5
"483","Male","21 to 30 years","PHD","Zvishavane","Third",4,4,4,2,2,3,2,2,2,5,4,4,4,5,2,5,5,1,2,4,4,2,3,2,4,4,3
"484","Female","21 to 30 years","Bachelors","Gweru","Fifth",1,4,5,1,4,4,1,1,3,2,3,3,4,5,5,4,3,4,5,2,1,5,5,1,3,2,3
"486","Male","21 to 30 years","Masters","Gweru","Above 5Year",3,5,5,3,3,1,5,4,1,1,5,5,2,3,5,2,4,2,2,4,5,5,5,3,5,1,2
"487","Female","21 to 30 years","Undergraduate","Zvishavane","First",3,2,4,5,2,2,2,1,1,5,5,2,3,3,5,4,2,4,5,4,1,5,3,4,4,5,2
"489","Male","31 to 45 years","PHD","Harare","Fourth",4,5,2,4,4,4,5,2,5,4,2,4,2,1,5,5,3,3,5,2,2,3,2,4,5,1,3
"490","Male","31 to 45 years","PHD","Gweru","Third",1,2,5,4,5,2,2,3,5,1,1,5,2,3,2,3,5,4,3,5,3,3,2,3,2,4,1
"494","Male","21 to 30 years","Masters","Gweru","Above 5Year",3,2,1,1,5,4,5,4,2,2,3,5,1,3,5,2,5,3,4,2,4,1,2,2,3,5,3
"495","Female","21 to 30 years","Undergraduate","Zvishavane","Above 5Year",2,2,2,1,5,3,5,2,1,2,2,1,1,3,4,3,3,5,2,3,2,1,5,5,4,3,1
"496","Female","21 to 30 years","Masters","Zvishavane","First",3,3,5,1,2,4,3,2,5,4,3,5,1,5,2,4,5,2,3,1,1,1,2,2,2,1,5
"497","Male","31 to 45 years","Masters","Zvishavane","Fourth",1,3,2,1,1,1,4,2,2,3,5,1,1,3,2,1,4,4,5,2,4,5,2,2,2,3,1
"498","Male","31 to 45 years","Masters","Harare","Fourth",4,2,4,5,3,5,3,1,1,5,3,3,2,2,4,1,5,5,4,5,4,5,2,2,5,3,2
"502","Female","21 to 30 years","PHD","Gweru","Second",1,5,5,1,3,3,3,5,4,4,5,5,2,1,3,1,5,5,1,2,4,3,4,2,2,5,4
"503","Male","31 to 45 years","Bachelors","Harare","Third",4,2,4,2,1,4,4,2,2,4,1,1,3,4,3,5,3,5,3,3,3,3,3,5,2,1,5
"504","Female","31 to 45 years","Masters","Gweru","First",1,5,1,5,3,4,4,1,2,1,4,2,4,5,1,2,5,5,5,1,2,2,4,1,1,2,3
"505","Male","21 to 30 years","Undergraduate","Gweru","Second",5,1,1,5,4,4,2,4,4,2,4,4,4,4,3,4,5,4,5,2,2,1,5,4,3,2,4
"506","Female","21 to 30 years","PHD","Zvishavane","Fourth",5,3,4,4,5,4,1,2,2,2,1,3,2,4,3,4,1,5,5,5,2,1,2,3,4,1,1
"509","Female","31 to 45 years","Undergraduate","Harare","Fifth",5,1,1,3,1,1,2,5,5,5,1,2,5,1,3,1,2,5,5,5,5,1,2,3,3,3,3
"512","Female","21 to 30 years","Undergraduate","Harare","Fifth",1,2,4,4,5,2,3,4,4,1,5,1,3,4,1,1,5,4,5,2,4,5,3,3,4,2,2
"514","Male","31 to 45 years","Undergraduate","Harare","First",1,1,2,3,4,1,5,5,1,3,3,4,2,4,1,2,2,3,3,2,4,3,5,3,3,5,1
"515","Female","31 to 45 years","PHD","Gweru","Above 5Year",1,5,2,4,4,2,5,3,2,2,4,5,3,3,4,4,1,1,2,2,2,3,4,4,4,3,3
"516","Female","21 to 30 years","Masters","Zvishavane","Second",3,5,1,2,2,2,5,3,4,2,4,1,3,2,4,1,1,2,1,4,3,2,3,4,5,3,1
"518","Male","21 to 30 years","Masters","Harare","Third",5,4,3,5,4,1,4,2,3,1,2,3,4,4,1,2,1,5,4,1,1,3,3,3,5,4,5
"519","Male","21 to 30 years","Masters","Gweru","Fifth",3,3,3,4,1,1,5,5,4,1,5,1,1,5,2,2,4,4,3,4,2,5,2,1,1,1,3
"520","Female","31 to 45 years","Masters","Gweru","Above 5Year",1,2,4,5,3,5,5,5,5,5,3,5,1,5,4,5,2,5,4,4,4,1,3,1,3,1,5
"521","Female","21 to 30 years","Masters","Harare","First",5,5,2,1,1,5,2,2,3,3,4,3,2,5,5,4,4,2,3,3,2,4,4,3,3,1,1
"522","Male","21 to 30 years","Bachelors","Gweru","Above 5Year",4,2,4,2,2,4,3,3,3,4,3,4,5,2,1,5,5,3,5,5,2,5,1,1,4,4,3
"525","Male","31 to 45 years","Masters","Zvishavane","Third",4,2,1,1,1,4,3,5,4,5,1,1,1,1,2,4,1,5,4,4,3,2,4,5,5,1,3
"527","Male","21 to 30 years","Masters","Gweru","Fourth",3,4,3,4,4,1,5,5,1,2,4,2,2,2,3,3,5,2,4,3,3,4,5,3,4,2,5
"528","Female","31 to 45 years","Bachelors","Gweru","Second",5,5,2,1,1,3,5,2,4,4,3,3,5,1,1,3,2,3,3,2,4,2,2,2,5,1,5
"529","Male","21 to 30 years","Undergraduate","Harare","Second",3,4,4,1,2,2,5,4,4,1,5,2,1,3,5,4,3,5,1,5,3,4,1,4,1,1,4
"532","Female","31 to 45 years","Undergraduate","Harare","Third",1,2,3,1,3,5,1,3,3,4,5,5,3,2,5,3,4,5,2,5,3,2,5,1,4,2,3
"533","Male","21 to 30 years","Bachelors","Harare","Above 5Year",2,2,1,4,4,5,5,2,3,5,3,4,1,3,2,2,1,2,5,4,3,3,5,1,2,2,4
"534","Male","21 to 30 years","Bachelors","Zvishavane","First",4,1,3,4,3,3,4,3,2,4,4,2,5,1,1,4,2,1,4,2,4,2,3,3,1,3,4
"535","Female","21 to 30 years","Undergraduate","Zvishavane","Third",4,5,5,2,4,3,4,2,1,5,3,1,2,2,3,4,4,2,1,1,1,2,3,2,3,4,5
"536","Female","31 to 45 years","Undergraduate","Zvishavane","Second",5,2,2,5,1,5,2,2,4,3,4,1,4,3,1,1,2,4,5,2,2,5,1,3,3,4,1
"537","Female","21 to 30 years","Bachelors","Harare","Third",4,3,4,2,4,1,2,1,5,4,2,2,3,3,2,4,5,5,2,1,5,1,4,4,3,4,1
"538","Male","31 to 45 years","Masters","Gweru","Fourth",5,5,4,5,4,1,3,2,1,4,1,2,3,5,4,1,1,4,2,1,4,5,5,4,2,4,1
"539","Male","21 to 30 years","Undergraduate","Harare","Third",3,1,3,5,5,1,2,1,2,4,4,4,1,3,1,2,1,2,4,1,3,3,1,4,5,3,5
"540","Male","31 to 45 years","Undergraduate","Gweru","First",1,5,3,3,3,3,4,4,5,4,2,2,5,3,3,2,5,1,3,1,3,3,5,5,4,4,1
"542","Female","21 to 30 years","Bachelors","Gweru","Fifth",2,3,3,3,1,1,5,5,2,4,4,2,4,4,3,5,3,4,2,5,4,4,1,1,3,2,5
"544","Male","31 to 45 years","PHD","Harare","Fourth",4,5,2,5,1,1,2,4,4,1,3,1,2,2,3,1,3,5,3,2,5,3,1,4,2,4,1
"545","Female","21 to 30 years","Masters","Gweru","Fourth",2,2,2,2,3,5,4,1,5,1,3,2,3,1,2,2,1,2,3,4,4,4,4,1,3,1,1
"546","Female","21 to 30 years","PHD","Harare","Third",4,1,3,5,1,3,2,1,4,1,1,4,1,4,5,1,5,5,2,2,4,4,5,1,2,1,5
"547","Female","21 to 30 years","Masters","Zvishavane","Fifth",1,1,4,1,5,1,2,3,3,4,5,4,4,5,1,1,5,5,3,3,1,1,5,2,5,3,2
"550","Male","31 to 45 years","PHD","Harare","Second",2,5,2,2,3,4,2,2,3,2,4,2,2,4,4,5,4,5,2,2,4,4,5,2,4,2,1
"551","Female","21 to 30 years","Bachelors","Gweru","Third",4,4,3,3,1,2,3,5,2,5,1,5,3,3,3,3,2,4,1,1,5,5,4,5,4,1,4
"552","Female","31 to 45 years","PHD","Harare","Third",3,5,4,2,2,5,2,1,3,5,5,2,3,5,3,2,3,5,1,4,2,4,4,2,2,3,5
"553","Male","31 to 45 years","Bachelors","Harare","Fourth",4,5,3,5,3,5,5,1,4,2,1,3,2,1,1,1,4,5,5,5,3,5,4,3,2,2,3
"554","Female","21 to 30 years","Undergraduate","Harare","Fourth",1,2,5,3,1,2,4,5,2,3,2,3,3,5,3,5,3,3,4,3,1,4,1,2,4,5,2
"556","Female","21 to 30 years","PHD","Harare","Third",4,4,2,3,4,5,5,3,3,5,5,2,3,2,2,2,3,5,2,5,5,5,5,5,4,5,2
"557","Male","21 to 30 years","Undergraduate","Harare","Above 5Year",2,2,5,2,3,3,4,2,5,1,5,4,5,5,2,5,1,2,2,5,1,5,4,3,3,2,1
"558","Female","21 to 30 years","PHD","Harare","First",2,3,5,4,1,5,2,5,1,2,5,1,1,3,4,5,4,3,5,4,3,3,2,4,1,1,4
"559","Female","21 to 30 years","Masters","Harare","Second",1,3,5,5,3,1,3,5,2,2,2,3,2,3,5,1,3,5,1,4,5,5,4,3,1,3,4
"561","Male","31 to 45 years","PHD","Zvishavane","Fifth",3,3,4,3,2,4,2,3,2,1,3,4,1,5,4,3,3,1,5,2,1,4,5,4,4,3,4
"562","Male","31 to 45 years","Masters","Zvishavane","Third",1,2,4,5,2,4,4,5,4,2,5,3,1,3,3,4,3,3,1,2,1,4,1,5,5,3,4
"563","Female","21 to 30 years","Masters","Gweru","Fifth",1,5,4,1,1,1,2,5,3,5,2,2,5,3,2,2,3,1,4,3,3,1,1,3,5,5,3
"564","Male","31 to 45 years","PHD","Harare","Fourth",1,3,1,2,4,4,5,2,3,4,1,2,2,4,2,5,4,1,3,1,3,5,2,1,4,4,3
"566","Female","21 to 30 years","PHD","Gweru","Fourth",5,3,4,1,4,1,2,4,3,1,5,4,3,2,3,1,1,4,5,1,3,3,2,4,2,1,4
"569","Female","21 to 30 years","Bachelors","Harare","Second",5,1,3,5,4,5,3,1,5,1,5,5,3,1,1,3,4,4,1,2,4,5,4,4,2,2,5
"571","Male","21 to 30 years","PHD","Harare","Third",3,1,3,4,1,4,4,1,2,1,4,2,2,5,4,2,3,2,1,5,5,2,1,3,5,4,1
"572","Male","21 to 30 years","Undergraduate","Harare","Third",4,2,2,5,3,2,5,1,4,4,3,4,3,5,3,4,3,5,1,2,4,4,2,1,4,1,4
"573","Male","21 to 30 years","Masters","Zvishavane","Fifth",2,1,4,4,2,3,5,2,3,4,2,5,2,5,4,5,4,3,2,4,4,2,5,5,2,2,2
"574","Female","21 to 30 years","Masters","Gweru","First",3,3,1,2,2,1,3,5,4,3,4,5,2,3,5,2,5,5,2,3,2,5,4,4,4,5,3
"575","Female","31 to 45 years","Bachelors","Gweru","First",1,5,1,4,4,4,2,3,5,4,2,2,3,5,2,4,2,5,3,3,1,4,2,5,2,2,5
"576","Male","31 to 45 years","PHD","Harare","Third",5,3,2,2,4,1,4,3,2,4,2,5,3,5,2,5,3,3,1,2,3,2,1,3,1,1,3
"578","Female","21 to 30 years","Undergraduate","Harare","First",3,4,5,2,3,2,5,3,5,3,4,2,4,2,2,1,2,2,3,5,1,2,1,2,3,5,3
"580","Male","31 to 45 years","Bachelors","Gweru","Fifth",4,1,3,5,3,1,1,3,4,4,2,2,4,3,2,2,5,3,2,5,4,3,3,5,5,2,4
"581","Female","31 to 45 years","PHD","Harare","First",3,4,4,2,4,1,1,5,5,5,4,5,4,3,4,1,4,2,2,2,2,5,3,2,1,2,3
"582","Male","21 to 30 years","Undergraduate","Zvishavane","Fifth",3,4,1,5,2,3,2,5,4,1,4,4,5,4,3,1,2,4,2,2,4,4,3,4,5,3,2
"583","Male","31 to 45 years","Masters","Zvishavane","Third",4,5,3,1,2,5,4,1,5,4,3,4,5,4,5,5,3,5,4,4,1,2,4,1,3,3,3
"585","Female","21 to 30 years","PHD","Zvishavane","Second",3,4,1,1,3,5,2,1,1,4,4,2,2,2,5,5,2,2,1,3,1,5,5,1,2,2,4
"588","Female","21 to 30 years","Bachelors","Gweru","First",2,2,2,4,5,4,3,5,2,2,4,2,2,1,1,5,1,4,4,1,1,1,2,1,4,4,3
"589","Male","21 to 30 years","PHD","Zvishavane","Fourth",1,3,3,3,1,3,1,5,4,4,3,5,3,1,1,5,5,5,3,5,1,3,4,5,2,3,1
"590","Female","31 to 45 years","Bachelors","Harare","Above 5Year",1,2,3,4,5,3,5,1,4,4,5,2,1,3,2,1,1,4,3,2,3,3,4,1,1,2,3
"592","Female","21 to 30 years","Masters","Gweru","Above 5Year",2,5,3,5,4,4,5,2,5,4,2,1,2,2,5,5,5,5,4,2,1,4,5,3,3,1,1
"593","Female","31 to 45 years","Undergraduate","Zvishavane","Fourth",1,2,1,4,2,5,5,3,2,3,5,5,1,3,4,1,3,5,5,3,5,2,1,5,1,3,5
"594","Male","31 to 45 years","PHD","Harare","Fifth",5,4,2,4,5,3,3,5,5,1,2,3,2,5,4,4,4,5,5,3,2,5,5,3,3,2,1
"595","Female","21 to 30 years","PHD","Gweru","Third",3,1,5,4,3,4,1,5,4,1,1,2,3,5,1,2,1,4,4,5,3,1,4,2,3,3,3
"596","Male","21 to 30 years","Undergraduate","Gweru","Above 5Year",5,2,2,2,3,1,1,1,2,2,4,5,2,2,1,5,3,5,3,3,3,4,4,5,1,5,5
"599","Male","21 to 30 years","Masters","Gweru","Fourth",2,1,4,4,5,1,4,4,4,5,2,1,2,3,1,1,3,1,5,4,5,3,3,3,4,1,4
"600","Male","31 to 45 years","Undergraduate","Gweru","First",2,5,1,5,3,1,4,3,3,5,4,5,5,5,2,1,5,4,1,1,5,2,5,1,3,1,4
"603","Male","31 to 45 years","Undergraduate","Zvishavane","Second",3,2,5,4,4,2,3,5,4,2,4,5,2,3,4,1,2,3,1,1,1,3,1,1,3,5,3
"604","Male","31 to 45 years","Undergraduate","Gweru","Fourth",5,4,4,3,2,4,3,3,3,3,4,5,1,5,5,1,4,5,1,3,4,2,5,4,1,3,1
"605","Female","21 to 30 years","Bachelors","Zvishavane","First",3,2,3,4,3,5,5,2,2,3,1,1,4,2,3,2,1,1,1,3,3,5,1,3,5,5,3
"607","Male","21 to 30 years","PHD","Harare","Fourth",1,3,2,5,1,2,1,5,4,1,2,5,5,2,4,4,5,4,3,3,1,2,1,1,4,5,1
"608","Male","21 to 30 years","Masters","Gweru","Fourth",2,1,3,2,4,2,1,5,5,1,4,2,3,1,4,4,5,1,5,4,4,2,5,1,4,5,5
"609","Male","21 to 30 years","Masters","Zvishavane","Above 5Year",3,4,4,4,1,3,5,5,1,3,2,1,5,1,2,1,5,5,2,4,5,4,2,4,1,5,3
"610","Female","31 to 45 years","Bachelors","Gweru","Second",1,3,2,3,3,3,1,3,1,1,4,4,5,4,1,1,2,1,4,4,5,1,5,1,1,4,4
"612","Female","31 to 45 years","PHD","Zvishavane","Fourth",2,5,4,1,3,3,2,4,3,5,3,5,3,1,1,1,2,4,3,5,3,1,2,3,3,4,2
"613","Male","21 to 30 years","PHD","Zvishavane","Above 5Year",4,2,5,3,5,2,3,1,3,2,5,2,2,5,5,2,3,3,2,3,2,3,4,1,5,2,5
"615","Male","31 to 45 years","Bachelors","Zvishavane","Fifth",1,1,1,1,1,1,1,1,4,1,5,3,3,4,1,2,4,3,4,2,1,2,4,4,1,3,5
"617","Male","21 to 30 years","Masters","Zvishavane","Second",3,4,4,1,4,3,1,2,2,5,2,4,5,1,3,1,3,4,5,2,1,4,5,5,5,5,4
"618","Male","31 to 45 years","Masters","Zvishavane","Fourth",3,5,4,2,1,2,2,5,3,1,3,1,1,3,3,2,3,3,4,4,4,3,1,5,1,3,1
"619","Female","31 to 45 years","Undergraduate","Zvishavane","Above 5Year",3,2,1,2,5,5,2,5,2,1,2,3,3,3,3,1,2,5,5,1,2,5,5,3,2,5,2
"621","Male","31 to 45 years","Masters","Gweru","Fifth",5,1,3,2,3,2,3,5,4,1,2,3,5,5,2,3,3,3,5,5,2,5,5,5,3,2,5
"625","Male","31 to 45 years","Bachelors","Zvishavane","Second",2,2,1,5,5,2,2,2,2,4,1,5,5,4,1,4,4,1,2,4,3,4,5,2,4,4,1
"626","Male","31 to 45 years","Undergraduate","Gweru","Third",5,3,2,4,5,3,5,1,1,2,2,4,3,4,3,1,4,5,1,1,5,3,4,2,3,2,3
"627","Male","21 to 30 years","PHD","Gweru","Above 5Year",3,4,4,3,4,3,3,3,3,2,5,4,3,3,1,4,4,3,1,2,5,4,4,3,1,4,4
"628","Female","21 to 30 years","Undergraduate","Gweru","Third",3,5,5,4,4,4,3,3,4,5,2,4,2,2,3,5,3,5,5,4,1,2,3,3,1,4,2
"629","Male","21 to 30 years","Undergraduate","Zvishavane","Fifth",1,2,5,5,1,4,4,1,3,5,2,1,2,4,2,4,1,4,1,5,3,4,5,4,3,2,5
"630","Male","31 to 45 years","PHD","Zvishavane","Fifth",5,3,3,2,2,1,3,4,5,4,1,5,2,2,3,5,5,1,4,2,1,3,2,4,2,3,1
"631","Female","21 to 30 years","Masters","Gweru","Above 5Year",2,4,1,1,1,4,1,5,5,3,3,3,4,4,2,5,3,2,2,1,3,1,2,2,2,5,2
"632","Female","21 to 30 years","Bachelors","Gweru","Fourth",1,1,2,4,2,1,2,2,5,1,4,1,4,4,3,1,2,1,1,3,3,3,2,1,5,1,1
"633","Male","31 to 45 years","Bachelors","Zvishavane","Second",2,4,2,1,3,5,2,5,3,3,1,3,5,2,4,2,4,4,2,4,3,2,4,4,5,5,5
"634","Male","31 to 45 years","Undergraduate","Zvishavane","Above 5Year",4,4,5,4,4,5,4,3,4,5,3,4,4,1,5,5,3,5,1,4,3,1,1,3,2,5,5
"635","Male","21 to 30 years","Undergraduate","Gweru","First",3,5,4,4,4,4,1,4,4,1,1,1,3,1,4,5,1,1,4,4,4,1,3,5,3,5,4
"636","Female","21 to 30 years","Masters","Zvishavane","Second",4,3,2,3,3,4,1,5,4,3,2,2,2,2,5,2,5,5,2,3,3,4,3,2,5,1,5
"637","Female","21 to 30 years","Masters","Harare","First",4,1,3,3,3,1,5,4,4,5,2,2,3,3,5,1,4,3,4,5,4,1,5,3,2,2,2
"639","Male","31 to 45 years","Undergraduate","Zvishavane","First",4,3,1,1,2,3,3,3,2,1,2,2,5,2,5,2,1,2,2,1,5,5,3,4,4,3,1
"641","Female","21 to 30 years","Bachelors","Zvishavane","First",1,3,2,3,1,3,2,5,3,1,1,5,1,3,3,5,3,1,1,2,2,1,1,1,5,5,1
"643","Female","31 to 45 years","PHD","Gweru","First",5,3,3,3,1,1,4,3,2,3,5,2,3,5,3,2,5,5,1,5,1,5,5,5,3,4,5
"645","Male","21 to 30 years","Bachelors","Zvishavane","Third",1,3,2,3,3,1,4,5,4,1,5,4,4,5,4,1,2,2,2,1,2,2,1,4,2,2,1
"647","Female","31 to 45 years","PHD","Gweru","Third",1,3,3,5,5,4,1,1,3,3,2,4,3,3,1,5,4,2,5,2,1,2,1,3,1,2,5
"648","Female","21 to 30 years","Undergraduate","Gweru","Above 5Year",4,3,4,4,2,5,4,3,5,4,1,5,5,3,3,4,4,2,4,4,3,1,3,1,1,5,2
"649","Female","21 to 30 years","Masters","Harare","Second",1,1,3,1,3,1,1,2,1,2,4,3,4,2,3,2,3,5,1,2,4,2,2,5,1,4,1
"651","Female","31 to 45 years","Undergraduate","Gweru","Fifth",2,5,2,4,5,5,1,4,1,5,3,1,1,4,3,3,1,2,2,2,2,5,5,2,5,1,5
"654","Female","31 to 45 years","Undergraduate","Zvishavane","Second",4,1,3,2,3,5,4,5,4,3,2,5,1,5,5,1,5,1,1,3,3,1,2,3,4,1,2
"655","Male","31 to 45 years","Undergraduate","Gweru","Third",3,1,5,3,1,3,3,4,5,4,2,5,1,2,4,4,2,4,5,1,3,3,5,3,2,2,5
"656","Male","31 to 45 years","Bachelors","Harare","Fourth",5,3,2,2,2,4,4,1,2,2,5,2,5,5,1,1,3,3,2,1,3,3,3,3,3,1,3
"659","Female","21 to 30 years","Bachelors","Gweru","First",2,4,2,2,3,3,1,1,1,1,1,5,3,3,4,4,5,4,3,2,1,4,4,2,5,2,5
"662","Male","31 to 45 years","Undergraduate","Harare","Second",4,5,2,3,1,4,3,2,5,5,2,5,3,4,1,1,5,2,2,5,3,1,3,1,4,2,5
"663","Female","31 to 45 years","Bachelors","Harare","Third",5,1,2,1,5,1,5,1,5,3,4,5,4,5,1,5,3,5,1,5,2,4,5,4,1,3,4
"664","Male","31 to 45 years","Bachelors","Harare","Second",4,2,4,4,5,4,2,2,1,5,1,4,4,4,5,4,3,1,4,1,4,4,1,3,5,2,1
"665","Male","31 to 45 years","Undergraduate","Zvishavane","Fourth",1,5,3,5,2,1,4,5,5,2,3,2,3,3,1,3,2,1,5,2,2,2,3,4,5,1,3
"666","Female","21 to 30 years","Undergraduate","Harare","First",4,2,5,3,2,3,2,3,3,2,1,4,4,4,3,4,4,5,3,4,4,4,5,1,5,5,5
"668","Male","21 to 30 years","Bachelors","Harare","Above 5Year",1,3,5,1,1,5,5,3,2,5,4,1,1,1,3,5,3,4,4,5,4,1,3,2,1,5,3
"669","Male","31 to 45 years","PHD","Zvishavane","Above 5Year",2,3,5,3,2,4,4,4,1,3,1,2,5,2,1,1,2,5,1,2,1,2,1,4,1,5,3
"671","Female","31 to 45 years","Bachelors","Gweru","First",5,3,3,4,2,2,1,1,2,4,1,2,4,3,5,5,3,1,4,4,5,1,5,1,3,2,1
"672","Male","21 to 30 years","Masters","Harare","Above 5Year",3,1,2,3,5,5,3,5,2,3,3,3,2,1,3,2,2,4,3,1,4,4,3,5,3,3,2
"673","Female","21 to 30 years","Masters","Gweru","Second",5,2,4,2,1,5,3,1,5,4,1,2,2,4,2,4,4,1,5,4,2,4,4,4,1,5,4
"675","Female","21 to 30 years","Undergraduate","Zvishavane","Fourth",1,1,1,1,2,5,1,3,1,1,4,5,5,3,2,5,2,1,1,1,3,4,3,1,3,1,3
"676","Female","31 to 45 years","Masters","Gweru","Second",4,2,5,5,5,4,5,3,3,3,4,2,4,1,1,2,3,4,1,5,4,3,4,2,4,3,1
"677","Male","31 to 45 years","Masters","Gweru","Third",3,4,5,1,2,5,3,5,5,1,2,1,1,4,3,5,4,1,3,5,2,4,5,2,4,5,2
"678","Female","31 to 45 years","PHD","Harare","Above 5Year",5,2,2,1,1,3,4,1,5,1,4,4,2,1,4,2,5,4,4,4,2,1,3,2,2,4,5
"680","Male","31 to 45 years","Bachelors","Harare","First",4,1,4,1,3,3,3,5,5,2,2,3,3,1,5,5,5,3,3,2,3,5,4,5,5,1,2
"681","Female","31 to 45 years","Undergraduate","Gweru","Fourth",5,2,2,4,3,3,5,3,3,4,1,1,3,3,4,5,2,4,5,5,1,2,3,1,4,1,5
"682","Male","31 to 45 years","Bachelors","Gweru","Second",5,3,1,5,2,1,3,2,2,3,5,4,1,2,1,3,2,5,1,4,1,3,4,2,3,4,5
"683","Male","31 to 45 years","Bachelors","Zvishavane","Second",3,4,1,5,4,3,4,1,3,2,4,5,1,3,5,5,3,1,3,4,3,5,4,2,3,5,3
"684","Male","31 to 45 years","PHD","Harare","Above 5Year",4,4,4,4,5,3,1,2,2,1,5,5,3,5,1,4,3,1,5,4,4,3,3,3,1,5,1
"686","Male","31 to 45 years","Masters","Zvishavane","Fourth",4,5,1,5,3,5,1,2,1,3,5,1,4,2,2,5,1,3,2,5,3,4,4,1,5,2,2
"687","Female","21 to 30 years","PHD","Harare","Second",4,2,1,4,3,1,2,2,2,5,3,1,5,3,5,4,4,5,2,1,3,1,4,3,5,2,3
"689","Female","21 to 30 years","Undergraduate","Harare","First",2,4,5,3,5,3,2,1,3,2,4,1,3,3,2,1,4,5,5,1,5,3,5,2,3,2,3
"690","Female","21 to 30 years","Bachelors","Gweru","Above 5Year",4,2,3,1,1,4,5,5,5,4,5,3,4,5,5,1,2,5,4,5,1,2,1,1,2,4,1
"691","Male","21 to 30 years","Undergraduate","Gweru","Above 5Year",2,2,3,2,4,1,5,4,1,3,2,2,5,2,1,4,2,4,3,5,3,4,1,3,4,2,4
"692","Female","31 to 45 years","Undergraduate","Zvishavane","Above 5Year",2,1,1,4,4,1,3,2,4,5,1,5,5,3,2,4,5,2,4,4,5,3,2,3,4,1,4
"694","Male","21 to 30 years","Undergraduate","Zvishavane","Fourth",2,2,5,1,4,1,4,4,3,4,3,1,4,2,1,3,1,4,4,4,1,1,1,3,2,4,2
"695","Male","21 to 30 years","PHD","Zvishavane","Fourth",4,2,3,3,5,5,3,5,3,4,3,3,4,3,3,4,1,2,2,2,3,1,3,5,5,1,3
"696","Male","21 to 30 years","Undergraduate","Gweru","Third",4,5,1,4,1,2,2,4,5,3,4,3,5,1,2,1,2,1,1,1,1,3,4,5,5,1,5
"697","Female","21 to 30 years","Undergraduate","Harare","First",5,1,4,1,3,1,5,5,3,5,1,1,2,1,5,3,4,3,3,1,5,5,2,5,3,2,3
"698","Female","21 to 30 years","Masters","Zvishavane","Third",2,2,1,4,1,3,1,1,3,2,4,5,5,4,5,3,5,4,2,3,2,2,2,2,5,5,1
"699","Female","21 to 30 years","Masters","Gweru","Fifth",3,5,3,5,5,5,5,5,4,3,1,3,1,2,1,5,2,4,2,1,2,5,3,3,2,1,5
"700","Female","31 to 45 years","Masters","Gweru","Above 5Year",1,4,4,2,2,1,1,1,5,2,2,3,1,5,1,2,4,3,5,2,5,3,3,1,5,4,4
